id,title,vote_average,vote_count,popularity,release_date,original_language,last_updated
969681,Spider-Man: Brand New Day,7.866,3012,587.1819,2026-07-29 00:00:00,en,2026-10-04 10:23:43.882659
1599191,Renegade Immortal: Battle of the Immortal Slayer,7.591,11,415.565,2026-10-01 00:00:00,zh,2026-10-04 10:23:43.882659
1423191,Resident Evil,7.302,712,397.2336,2026-09-16 00:00:00,en,2026-10-04 10:23:43.882659
1368337,The Odyssey,8.012,4005,313.748,2026-07-15 00:00:00,en,2026-10-04 10:23:43.882659
1204680,Coyote vs. Acme,7.531,649,297.6229,2026-08-17 00:00:00,en,2026-10-04 10:23:43.882659
1377237,Runner,8.273,332,289.7676,2026-09-07 00:00:00,en,2026-10-04 10:23:43.882659
1228834,The Fix,7.1,46,283.0181,2026-09-10 00:00:00,en,2026-10-04 10:23:43.882659
1101383,The End of Oak Street,7.041,1811,230.9484,2026-08-12 00:00:00,en,2026-10-04 10:23:43.882659
1751701,After Impact,6.524,21,251.1729,2026-09-15 00:00:00,en,2026-10-04 10:23:43.882659
1248832,Digger,7.405,111,215.8388,2026-09-28 00:00:00,en,2026-10-04 10:23:43.882659
1032863,The Love Hypothesis,8.047,449,199.0851,2026-09-23 00:00:00,en,2026-10-04 10:23:43.882659
1294189,The Mongoose,0,0,204.1741,2026-10-29 00:00:00,en,2026-10-04 10:23:43.882659
460458,Resident Evil: Welcome to Raccoon City,5.938,2838,200.5242,2021-11-24 00:00:00,en,2026-10-04 10:23:43.882659
1375646,Colony,8.115,1033,172.5396,2026-05-21 00:00:00,ko,2026-10-04 10:23:43.882659
977942,The Uprising,7.879,177,171.1571,2026-09-10 00:00:00,en,2026-10-04 10:23:43.882659
1288445,Mutiny,7.417,763,167.9124,2026-08-19 00:00:00,en,2026-10-04 10:23:43.882659
1084244,Toy Story 5,8.318,2468,166.6596,2026-06-17 00:00:00,en,2026-10-04 10:23:43.882659
1339713,Obsession,8.185,5915,163.7127,2026-05-13 00:00:00,en,2026-10-04 10:23:43.882659
1263337,Heart of the Beast,7.5,196,148.3648,2026-09-19 00:00:00,en,2026-10-04 10:23:43.882659
1492640,UNABOMBER,6.592,314,129.6464,2026-09-25 00:00:00,en,2026-10-04 10:23:43.882659
1232569,Pinocchio: Unstrung,6.5,123,141.7354,2026-07-22 00:00:00,en,2026-10-04 10:23:43.882659
1538457,Meesaya Murukku 2,0,0,124.4598,2026-09-25 00:00:00,ta,2026-10-04 10:23:43.882659
1283515,Verity,6.64,68,143.2506,2026-09-30 00:00:00,en,2026-10-04 10:23:43.882659
1422011,It Ends,5.675,63,127.2772,2026-08-21 00:00:00,en,2026-10-04 10:23:43.882659
1477712,Ice Cream Man,4.891,110,126.472,2026-08-03 00:00:00,en,2026-10-04 10:23:43.882659
299534,Avengers: Endgame,8.245,28889,118.2286,2019-04-24 00:00:00,en,2026-10-04 10:23:43.882659
1482547,Zip Wire,7.936,47,125.8614,2026-08-31 00:00:00,en,2026-10-04 10:23:43.882659
1607127,One Last Shot,7.489,88,107.354,2026-09-22 00:00:00,en,2026-10-04 10:23:43.882659
1108427,Moana,7.42,836,113.1153,2026-07-08 00:00:00,en,2026-10-04 10:23:43.882659
687163,Project Hail Mary,8.641,8107,98.1788,2026-03-15 00:00:00,en,2026-10-04 10:23:43.882659
1003596,Avengers: Doomsday,0,0,94.2574,2026-12-15 00:00:00,en,2026-10-04 10:23:43.882659
1083381,Backrooms,7.02,3574,104.0576,2026-05-27 00:00:00,en,2026-10-04 10:23:43.882659
1315772,Minions & Monsters,7.55,1223,97.6746,2026-06-24 00:00:00,en,2026-10-04 10:23:43.882659
1340102,Lion Fist,7.758,33,103.8813,2026-09-10 00:00:00,en,2026-10-04 10:23:43.882659
299536,Avengers: Infinity War,8.245,33052,92.0234,2018-04-25 00:00:00,en,2026-10-04 10:23:43.882659
755898,War of the Worlds,4.036,1158,101.9744,2025-07-29 00:00:00,en,2026-10-04 10:23:43.882659
30723,Cavegirl,3.9,26,108.5305,1985-05-01 00:00:00,en,2026-10-04 10:23:43.882659
1375441,Primetime,6.982,82,79.9785,2026-09-23 00:00:00,en,2026-10-04 10:23:43.882659
82976,The Novices,4.8,13,73.8953,1970-04-01 00:00:00,fr,2026-10-04 10:23:43.882659
1084242,Zootopia 2,7.668,3503,85.9919,2025-11-26 00:00:00,en,2026-10-04 10:23:43.882659
83533,Avatar: Fire and Ash,7.646,4435,83.7846,2025-12-17 00:00:00,en,2026-10-04 10:23:43.882659
1556321,Death Whisperer: Saming the Werebeast,0,0,95.5069,2026-09-29 00:00:00,th,2026-10-04 10:23:43.882659
1156869,Blaze of Love,0,0,81.4292,1994-01-01 00:00:00,en,2026-10-04 10:23:43.882659
1465063,Forgotten Island,8.2,42,77.7667,2026-09-10 00:00:00,en,2026-10-04 10:23:43.882659
1300945,A Place Called Silence,7.403,62,83.8594,2024-07-03 00:00:00,zh,2026-10-04 10:23:43.882659
233651,Sex Rider: Wet Highway,5.067,15,65.5415,1971-12-29 00:00:00,ja,2026-10-04 10:23:43.882659
335984,Blade Runner 2049,7.608,15773,65.2227,2017-10-04 00:00:00,en,2026-10-04 10:23:43.882659
45722,Don't Look Down,5.7,71,62.4822,2008-10-18 00:00:00,es,2026-10-04 10:23:43.882659
1275779,Disclosure Day,7.46,3524,78.9991,2026-06-10 00:00:00,en,2026-10-04 10:23:43.882659
1240889,Teenage Sex and Death at Camp Miasma,6.272,239,67.35,2026-08-06 00:00:00,en,2026-10-04 10:23:43.882659
1440098,Drawn Together,6.868,170,77.4127,2026-09-09 00:00:00,es,2026-10-04 10:23:43.882659
1712451,Resident Dead,5.3,3,91.7051,2026-09-04 00:00:00,en,2026-10-04 10:23:43.882659
1285366,Shape of My Heart,5.7,8,72.1563,2024-07-06 00:00:00,ja,2026-10-04 10:23:43.882659
157336,Interstellar,8.489,41365,67.9681,2014-11-05 00:00:00,en,2026-10-04 10:23:43.882659
1101412,Fall 2: Deadpoint,6.161,59,69.4399,2026-09-01 00:00:00,en,2026-10-04 10:23:43.882659
1450404,The Treehouse,3.75,16,82.7398,2025-09-19 00:00:00,es,2026-10-04 10:23:43.882659
1641629,You+Me - Against the World,5.753,81,68.4599,2026-09-18 00:00:00,fr,2026-10-04 10:23:43.882659
1224993,Dark Nuns,6.195,100,63.4913,2025-01-24 00:00:00,ko,2026-10-04 10:23:43.882659
980431,Avatar Aang: The Last Airbender,9.141,1246,70.7825,2026-07-24 00:00:00,en,2026-10-04 10:23:43.882659
533535,Deadpool & Wolverine,7.588,9553,69.6933,2024-07-24 00:00:00,en,2026-10-04 10:23:43.882659
1469930,Project Sacrifice,3.9,6,60.247,2026-05-13 00:00:00,id,2026-10-04 10:23:43.882659
1130948,Rosebush Pruning,6.025,59,66.1696,2026-04-23 00:00:00,en,2026-10-04 10:23:43.882659
1228710,The Mandalorian and Grogu,7.462,1781,65.152,2026-05-20 00:00:00,en,2026-10-04 10:23:43.882659
1284465,The Death of Robin Hood,6.734,490,60.4973,2026-06-18 00:00:00,en,2026-10-04 10:23:43.882659
24428,The Avengers,8.079,39924,68.0077,2012-04-25 00:00:00,en,2026-10-04 10:23:43.882659
1419406,The Shadow's Edge,8.316,1506,64.2085,2025-08-16 00:00:00,zh,2026-10-04 10:23:43.882659
1311031,Demon Slayer: Kimetsu no Yaiba Infinity Castle,8.795,2234,61.5567,2025-07-18 00:00:00,ja,2026-10-04 10:23:43.882659
348,Alien,8.174,16918,45.7318,1979-05-25 00:00:00,en,2026-10-04 10:23:43.882659
591634,False Positive,5.6,203,55.1549,2021-06-18 00:00:00,en,2026-10-04 10:23:43.882659
1386315,The Runner,6.762,623,59.4768,2026-09-03 00:00:00,en,2026-10-04 10:23:43.882659
278,The Shawshank Redemption,8.731,31486,59.2259,1994-09-23 00:00:00,en,2026-10-04 10:23:43.882659
150540,Inside Out,7.905,23956,59.9074,2015-06-17 00:00:00,en,2026-10-04 10:23:43.882659
1621552,Facing El Chapo,8.779,867,58.091,2026-08-21 00:00:00,es,2026-10-04 10:23:43.882659
238,The Godfather,8.688,23683,58.3471,1972-03-14 00:00:00,en,2026-10-04 10:23:43.882659
1229906,Family,10,1,66.487,2026-09-25 00:00:00,en,2026-10-04 10:23:43.882659
634649,Spider-Man: No Way Home,7.947,23243,59.4466,2021-12-15 00:00:00,en,2026-10-04 10:23:43.882659
1185806,PAW Patrol: The Dino Movie,8.2,160,69.2261,2026-07-23 00:00:00,en,2026-10-04 10:23:43.882659
1323244,Rage of Stars,6.543,219,55.4356,2026-08-06 00:00:00,en,2026-10-04 10:23:43.882659
880067,Strung,7.629,85,56.547,2026-06-18 00:00:00,en,2026-10-04 10:23:43.882659
671,Harry Potter and the Philosopher's Stone,7.904,30330,58.9571,2001-11-16 00:00:00,en,2026-10-04 10:23:43.882659
1481603,Hold the Fort,6.167,15,52.7415,2025-07-16 00:00:00,en,2026-10-04 10:23:43.882659
693134,Dune: Part Two,8.138,8665,55.7925,2024-02-27 00:00:00,en,2026-10-04 10:23:43.882659
603,The Matrix,8.26,28862,53.6957,1999-03-31 00:00:00,en,2026-10-04 10:23:43.882659
1184918,The Wild Robot,8.311,6672,54.8798,2024-09-12 00:00:00,en,2026-10-04 10:23:43.882659
122,The Lord of the Rings: The Return of the King,8.505,27480,52.8972,2003-12-17 00:00:00,en,2026-10-04 10:23:43.882659
1280738,The Furious,8.2,795,56.2027,2026-06-10 00:00:00,zh,2026-10-04 10:23:43.882659
1081003,Supergirl,6.66,2491,54.9182,2026-06-24 00:00:00,en,2026-10-04 10:23:43.882659
569094,Spider-Man: Across the Spider-Verse,8.351,9343,51.8934,2023-05-31 00:00:00,en,2026-10-04 10:23:43.882659
1273221,Scary Movie,6.365,1982,57.3514,2026-06-03 00:00:00,en,2026-10-04 10:23:43.882659
155,The Dark Knight,8.537,36869,51.8036,2008-07-16 00:00:00,en,2026-10-04 10:23:43.882659
120,The Lord of the Rings: The Fellowship of the Ring,8.446,28479,55.56,2001-12-18 00:00:00,en,2026-10-04 10:23:43.882659
20352,Despicable Me,7.262,16427,53.1913,2010-07-08 00:00:00,en,2026-10-04 10:23:43.882659
276488,Let Us Prey,5.73,383,45.5243,2014-04-17 00:00:00,en,2026-10-04 10:23:43.882659
10138,Iron Man 2,6.855,22986,50.4865,2010-04-28 00:00:00,en,2026-10-04 10:23:43.882659
4935,Howl's Moving Castle,8.388,11509,50.7724,2004-09-09 00:00:00,ja,2026-10-04 10:23:43.882659
44980,Zero Woman 2,5,8,45.4543,1995-09-05 00:00:00,ja,2026-10-04 10:23:43.882659
1226863,The Super Mario Galaxy Movie,8.219,3759,54.5198,2026-04-01 00:00:00,en,2026-10-04 10:23:43.882659
872585,Oppenheimer,8.022,12603,52.4218,2023-07-19 00:00:00,en,2026-10-04 10:23:43.882659
438631,Dune,7.784,15640,48.1013,2021-09-15 00:00:00,en,2026-10-04 10:23:43.882659
27205,Inception,8.374,40326,52.2812,2010-07-15 00:00:00,en,2026-10-04 10:23:43.882659
1307118,Soulm8te,7.499,400,48.2055,2026-07-31 00:00:00,en,2026-10-04 10:23:43.882659
863,Toy Story 2,7.624,15428,45.1846,1999-10-30 00:00:00,en,2026-10-04 10:23:43.882659
1523145,Your Heart Will Be Broken,7.1,124,50.8569,2026-03-26 00:00:00,ru,2026-10-04 10:23:43.882659
936075,Michael,8.622,4469,53.5858,2026-04-22 00:00:00,en,2026-10-04 10:23:43.882659
1384216,The Dog Stars,6.6,300,48.0233,2026-08-26 00:00:00,en,2026-10-04 10:23:43.882659
1302904,Practical Magic 2,6.2,104,47.7228,2026-09-09 00:00:00,en,2026-10-04 10:23:43.882659
14836,Coraline,7.939,9490,48.7959,2009-02-05 00:00:00,en,2026-10-04 10:23:43.882659
1212763,Evil Dead Burn,7.6,1649,48.0529,2026-07-07 00:00:00,en,2026-10-04 10:23:43.882659
1560520,Batman: Knightfall Part 1: Knightfall,9.152,414,48.0953,2026-06-23 00:00:00,en,2026-10-04 10:23:43.882659
1437195,Livestream from Hell,6.316,19,45.8527,2026-09-30 00:00:00,en,2026-10-04 10:23:43.882659
1599993,Animals,6.275,51,44.7141,2026-02-05 00:00:00,es,2026-10-04 10:23:43.882659
550,Fight Club,8.437,32966,46.1645,1999-10-15 00:00:00,en,2026-10-04 10:23:43.882659
680,Pulp Fiction,8.48,30998,46.3868,1994-09-10 00:00:00,en,2026-10-04 10:23:43.882659
361743,Top Gun: Maverick,8.158,11642,47.5475,2022-05-21 00:00:00,en,2026-10-04 10:23:43.882659
242,The Godfather Part III,7.415,7094,42.4757,1990-12-25 00:00:00,en,2026-10-04 10:23:43.882659
1368166,The Housemaid,7.252,3157,46.1064,2025-12-18 00:00:00,en,2026-10-04 10:23:43.882659
1291595,Insidious: Out of the Further,6.5,171,43.446,2026-08-19 00:00:00,en,2026-10-04 10:23:43.882659
672,Harry Potter and the Chamber of Secrets,7.709,24151,46.229,2002-11-13 00:00:00,en,2026-10-04 10:23:43.882659
673,Harry Potter and the Prisoner of Azkaban,8.013,23719,45.8896,2004-05-31 00:00:00,en,2026-10-04 10:23:43.882659
354912,Coco,8.198,21477,47.0343,2017-10-27 00:00:00,en,2026-10-04 10:23:43.882659
1058424,Hope,7.2,107,43.1786,2026-07-15 00:00:00,ko,2026-10-04 10:23:43.882659
315635,Spider-Man: Homecoming,7.333,23990,46.2291,2017-07-05 00:00:00,en,2026-10-04 10:23:43.882659
1723013,Hibla 2,3,1,45.2559,2026-06-30 00:00:00,tl,2026-10-04 10:23:43.882659
950028,The Invite,7.226,711,40.3463,2026-04-30 00:00:00,en,2026-10-04 10:23:43.882659
475557,Joker,8.115,28422,41.4082,2019-10-01 00:00:00,en,2026-10-04 10:23:43.882659
445466,Idiots,6.235,49,40.594,2026-08-20 00:00:00,en,2026-10-04 10:23:43.882659
674,Harry Potter and the Goblet of Fire,7.803,22706,43.7757,2005-11-16 00:00:00,en,2026-10-04 10:23:43.882659
280,Terminator 2: Judgment Day,8.171,14945,45.3943,1991-07-03 00:00:00,en,2026-10-04 10:23:43.882659
454639,Masters of the Universe,7.1,2193,43.8435,2026-06-03 00:00:00,en,2026-10-04 10:23:43.882659
1127384,Deep Water,7.404,651,40.225,2026-04-30 00:00:00,en,2026-10-04 10:23:43.882659
1495,Kingdom of Heaven,7.093,5269,42.66,2005-05-03 00:00:00,en,2026-10-04 10:23:43.882659
324857,Spider-Man: Into the Spider-Verse,8.401,17953,44.5882,2018-12-06 00:00:00,en,2026-10-04 10:23:43.882659
76341,Mad Max: Fury Road,7.639,24706,44.6369,2015-05-13 00:00:00,en,2026-10-04 10:23:43.882659
813418,Hot Spot,4.605,38,38.5004,2026-08-21 00:00:00,en,2026-10-04 10:23:43.882659
9479,The Nightmare Before Christmas,7.844,10657,50.2969,1993-10-09 00:00:00,en,2026-10-04 10:23:43.882659
99861,Avengers: Age of Ultron,7.279,25108,46.1657,2015-04-22 00:00:00,en,2026-10-04 10:23:43.882659
414906,The Batman,7.67,12604,43.5011,2022-03-01 00:00:00,en,2026-10-04 10:23:43.882659
1594914,Lucky Strike,6.8,52,43.7548,2026-06-26 00:00:00,en,2026-10-04 10:23:43.882659
